id, seq, n, rsa, asa, q3, p[q3_H], p[q3_E], p[q3_C], q8, p[q8_G], p[q8_H], p[q8_I], p[q8_B], p[q8_E], p[q8_S], p[q8_T], p[q8_C], phi, psi, disorder
>1ay7_A,D,1,0.8706046342849731,168.02669441699982,C,0.0004361938626971096,0.0012121668551117182,0.9983516931533813,C,9.117099398281425e-05,0.00013857416342943907,2.359683776376187e-06,7.746109622530639e-05,0.0008528501493856311,0.0009379182010889053,0.001879438292235136,0.9960203766822815,-89.60256958007812,159.09764099121094,0.6802470684051514
>1ay7_A,V,2,0.5031627416610718,87.55031704902649,C,0.009900356642901897,0.16209983825683594,0.8279998302459717,C,0.005659040529280901,0.005343864671885967,0.00014853512402623892,0.012298556044697762,0.13431674242019653,0.013870173133909702,0.017317604273557663,0.8110455274581909,-101.95120239257812,135.9385986328125,0.46853283047676086
>1ay7_A,S,3,0.6969342231750488,108.02480459213257,C,0.006365614477545023,0.14237558841705322,0.8512588143348694,C,0.0038769799284636974,0.002580584492534399,0.00011062245175708085,0.005836769938468933,0.13732878863811493,0.025552980601787567,0.02129729650914669,0.8034159541130066,-102.9915771484375,142.76576232910156,0.3551082909107208
>1ay7_A,G,4,0.5230934023857117,54.401713848114014,C,0.006352637894451618,0.3305613398551941,0.6630860567092896,C,0.005038124043494463,0.0022370871156454086,0.0005571285728365183,0.009376317262649536,0.359186589717865,0.06589280813932419,0.032726678997278214,0.5249853134155273,177.30657958984375,-179.64610290527344,0.22398144006729126
>1ay7_A,T,5,0.6368955969810486,109.54604268074036,C,0.0034007099457085133,0.4683104157447815,0.5282889008522034,C,0.0022394019179046154,0.0012783380225300789,9.192313154926524e-05,0.014091571792960167,0.45329156517982483,0.023091791197657585,0.0060692280530929565,0.4998461604118347,-113.08126068115234,137.97193908691406,0.13977693021297455
>1ay7_A,V,6,0.2175590991973877,37.85528326034546,E,0.002398069715127349,0.6376951336860657,0.35990676283836365,E,0.0015969618689268827,0.0014302704948931932,0.00010657196253305301,0.031884822994470596,0.6247549653053284,0.01680338755249977,0.0019106954568997025,0.321512371301651,-118.79515075683594,136.46255493164062,0.08701936900615692
>1ay7_A,C,7,0.43579617142677307,72.7779606282711,E,0.003128642216324806,0.5331333875656128,0.46373799443244934,C,0.0011752524878829718,0.0010734220268204808,4.428880856721662e-05,0.06248805299401283,0.38293853402137756,0.00425724359229207,0.0016751483781263232,0.5463480949401855,-77.28244018554688,136.4981231689453,0.10203831642866135
>1ay7_A,L,8,0.2567285895347595,51.602446496486664,H,0.6248530149459839,0.004153139423578978,0.37099385261535645,G,0.7177449464797974,0.0764501690864563,0.00034039499587379396,0.0006578800966963172,0.0018519163131713867,0.012397599406540394,0.11826073378324509,0.07229640334844589,-65.17620849609375,-28.078248977661133,0.0331696979701519
>1ay7_A,S,9,0.8179531097412109,126.7827320098877,H,0.6648398041725159,0.0007685612072236836,0.33439168334007263,G,0.7505083084106445,0.07207326591014862,0.00010509694402571768,8.082020212896168e-05,0.0003592863504309207,0.009900782257318497,0.1451425850391388,0.02182980813086033,-70.26535034179688,-15.48971939086914,0.023435283452272415
>1ay7_A,A,10,0.5619775056838989,72.49509823322296,H,0.6751903891563416,0.0011330334236845374,0.32367658615112305,G,0.715756893157959,0.06845466047525406,0.00018296919006388634,0.00024234208103735,0.0003023217141162604,0.016068732365965843,0.17776140570640564,0.021230679005384445,-91.90300750732422,-6.000247955322266,0.014304358512163162
>1ay7_A,L,11,0.08328311145305634,16.739905402064323,C,0.006608937866985798,0.006703072227537632,0.986687958240509,S,0.0005600489093922079,0.0016300234710797668,2.4661700081196614e-05,0.0031343058217316866,0.0011738630710169673,0.7477670907974243,0.0014573041116818786,0.2442527562379837,-73.79638671875,142.3303680419922,0.006479508243501186
>1ay7_A,P,12,0.2625552713871002,41.746288150548935,C,0.002821162808686495,0.0007735996623523533,0.9964052438735962,C,9.994509309763089e-05,0.0012498012511059642,3.563485506674624e-07,0.0002611766685731709,0.0002528137410990894,0.007898734882473946,0.0006195907481014729,0.9896175265312195,-58.2657585144043,148.591552734375,0.0030262910295277834
>1ay7_A,P,13,0.7204811573028564,114.55650401115417,H,0.9583010673522949,0.00010737169941421598,0.04159151762723923,H,0.017598925158381462,0.9512828588485718,8.638972940389067e-05,1.93890264199581e-05,3.221985025447793e-05,0.0035103517584502697,0.021602436900138855,0.005867444910109043,-57.37302780151367,-35.63072204589844,0.003465311834588647
>1ay7_A,E,14,0.46250393986701965,103.13837859034538,H,0.9789958000183105,0.00017917428340297192,0.020825067535042763,H,0.025616582483053207,0.9527651071548462,0.0001055226384778507,3.5222499718656763e-05,0.0001160558604169637,0.0008328133844770491,0.014827785082161427,0.005700899753719568,-63.849300384521484,-35.7894172668457,0.002625201130285859
>1ay7_A,A,15,0.013877169229090214,1.7901548305526376,H,0.9965282082557678,3.137006933684461e-05,0.003440468804910779,H,0.00598894851282239,0.9890411496162415,0.00010422134801046923,6.205558293004287e-06,2.9890399673604406e-05,0.00025786791229620576,0.0008686438086442649,0.0037030107341706753,-64.0439224243164,-39.689239501953125,0.0008909247117117047
>1ay7_A,T,16,0.33357271552085876,57.37450706958771,H,0.9974489808082581,0.00015331227041315287,0.0023976792581379414,H,0.000717316463124007,0.996802806854248,0.0005160144064575434,1.4364357411977835e-05,5.9607296861940995e-05,8.665055793244392e-05,0.00043680265662260354,0.0013664410216733813,-64.26021575927734,-42.18051528930664,0.0016832910478115082
>1ay7_A,D,17,0.5980330109596252,115.42037111520767,H,0.9978275895118713,0.0002051992923952639,0.0019671900663524866,H,0.0005158291896805167,0.9971309304237366,0.0005337653565220535,1.1073673704231624e-05,0.00012197403702884912,6.407908949768171e-05,0.000662009057123214,0.0009604231454432011,-63.899803161621094,-41.241668701171875,0.0012800039257854223
>1ay7_A,T,18,0.03311397135257721,5.69560307264328,H,0.9977570176124573,0.0001076675980584696,0.0021353326737880707,H,0.0005120769492350519,0.9964744448661804,0.0011025575222447515,6.612773631786695e-06,6.464892794610932e-05,8.766131941229105e-05,0.0007268951740115881,0.0010251137427985668,-63.370418548583984,-44.593448638916016,0.0009058119612745941
>1ay7_A,L,19,0.07520511001348495,15.116227112710476,H,0.9982134103775024,7.972306048031896e-05,0.0017069015884771943,H,0.0002837544889189303,0.9977586269378662,0.0005122705479152501,5.9104158935952e-06,3.626138641266152e-05,6.143320206319913e-05,0.00031878010486252606,0.0010229814797639847,-62.846004486083984,-42.581905364990234,0.001116122817620635
>1ay7_A,N,20,0.5927716493606567,115.59047162532806,H,0.9973178505897522,0.0001374091225443408,0.00254473346285522,H,0.0004588827723637223,0.9962969422340393,0.0011084390571340919,1.016714122670237e-05,7.314179674722254e-05,7.200557593023404e-05,0.0008724190993234515,0.0011079872492700815,-63.726863861083984,-40.052330017089844,0.0012623979710042477
>1ay7_A,L,21,0.1598709225654602,32.1340554356575,H,0.9960285425186157,9.069840598385781e-05,0.0038808011449873447,H,0.0007958895876072347,0.994020402431488,0.0020692807156592607,8.442188118351623e-06,4.5302233047550544e-05,0.0001506324770161882,0.001738211838528514,0.0011717790039256215,-62.435813903808594,-42.89805603027344,0.0024897365365177393
>1ay7_A,I,22,0.03414630889892578,6.726822853088379,H,0.9934705495834351,0.00018139615713153034,0.006347992457449436,H,0.0020359607879072428,0.9905329942703247,0.00222596968524158,3.691871097544208e-05,7.87493190728128e-05,0.000321198720484972,0.002619159873574972,0.002149163745343685,-64.99365234375,-41.965206146240234,0.0019034077413380146
>1ay7_A,A,23,0.5337334275245667,68.8516121506691,H,0.9702919721603394,0.000519676657859236,0.02918834425508976,H,0.002664945786818862,0.9752114415168762,0.0017596728866919875,6.854287494206801e-05,0.00013427827798295766,0.0006107855006121099,0.016092386096715927,0.003457930637523532,-65.63356018066406,-33.148529052734375,0.0036847563460469246
>1ay7_A,S,24,0.6768139600753784,104.90616381168365,C,0.38205960392951965,0.000885515590198338,0.6170548796653748,T,0.006680757738649845,0.4001105725765228,0.0014434332260861993,0.00021604583889711648,0.0002172410604543984,0.025144517421722412,0.5468249320983887,0.019362477585673332,-87.01081085205078,-6.146804332733154,0.0034496427979320288
>1ay7_A,D,25,0.7596029043197632,146.6033605337143,C,0.038181450217962265,0.001291336608119309,0.960527241230011,T,0.0034803012385964394,0.01519810501486063,0.0012787870364263654,0.00022165346308611333,0.0004907938418909907,0.08347132802009583,0.8327875137329102,0.06307148933410645,84.4891357421875,22.952224731445312,0.007131638471037149
>1ay7_A,G,26,0.178695946931839,18.584378480911255,C,0.0028199097141623497,0.015237942337989807,0.9819421172142029,C,0.0007420375477522612,0.0007743428577668965,0.00012371019693091512,0.005666983313858509,0.008267191238701344,0.3616628348827362,0.007149930112063885,0.6156129837036133,155.62069702148438,-178.06301879882812,0.008295685052871704
>1ay7_A,P,27,0.4863055348396301,77.32258003950119,C,0.004961044527590275,0.09757719188928604,0.8974617123603821,C,0.0027717063203454018,0.0009590876870788634,5.87315735174343e-05,0.07268661260604858,0.051644399762153625,0.15743593871593475,0.026502715423703194,0.6879408955574036,-75.32878875732422,136.64601135253906,0.008416399359703064
>1ay7_A,F,28,0.08434193581342697,20.242064595222473,C,0.0020290466491132975,0.11983256042003632,0.8781383633613586,C,0.0011994519736617804,0.0006524051423184574,4.635662480723113e-05,0.0955895334482193,0.05807073041796684,0.2012094110250473,0.01347292773425579,0.6297591328620911,-107.8582763671875,132.28041076660156,0.005420610774308443
>1ay7_A,P,29,0.18331089615821838,29.146432489156723,C,0.005730017088353634,0.06250053644180298,0.9317693710327148,C,0.0031570352148264647,0.0011652553221210837,7.513619493693113e-05,0.034801505506038666,0.028875067830085754,0.14316193759441376,0.04062456265091896,0.748139500617981,-69.0273208618164,146.6882781982422,0.008176568895578384
>1ay7_A,Y,30,0.3119032382965088,82.03055167198181,C,0.01244340743869543,0.06643248349428177,0.9211241006851196,C,0.008658462204039097,0.0027286121621727943,6.874812243040651e-05,0.08547933399677277,0.028273828327655792,0.132791206240654,0.048971857875585556,0.693027913570404,-91.63605499267578,143.652099609375,0.00954375509172678
>1ay7_A,S,31,0.6523765921592712,101.11837178468704,C,0.07650244981050491,0.01696419157087803,0.9065333604812622,T,0.06786982715129852,0.01213228888809681,0.00016985010006465018,0.005927689839154482,0.007495241705328226,0.1849539875984192,0.5610032677650452,0.16044782102108002,-70.56793975830078,-21.72827911376953,0.00891297496855259
>1ay7_A,Q,32,0.6705763936042786,150.87968856096268,C,0.08328511565923691,0.01466398872435093,0.902050793170929,T,0.07594915479421616,0.011393801309168339,0.00019566298578865826,0.004976171534508467,0.004994423594325781,0.15857398509979248,0.6697688102722168,0.07414792478084564,-84.81249237060547,-10.189447402954102,0.010020092129707336
>1ay7_A,D,33,0.47392815351486206,91.46813362836838,C,0.108113594353199,0.02146732620894909,0.8704190850257874,T,0.1127898246049881,0.014146033674478531,0.00030647520907223225,0.00806979276239872,0.009948323480784893,0.14779867231845856,0.577131986618042,0.12980878353118896,-90.33094024658203,21.96786880493164,0.009479657746851444
>1ay7_A,G,34,0.2425829917192459,25.228631138801575,C,0.0316181518137455,0.1126176193356514,0.8557642698287964,C,0.023670539259910583,0.006731076631695032,0.0010605999268591404,0.02453627623617649,0.0848923772573471,0.30334532260894775,0.17721331119537354,0.3785504996776581,88.67291259765625,18.486459732055664,0.012554292567074299
>1ay7_A,V,35,0.20707102119922638,36.03035768866539,C,0.015408538281917572,0.38085538148880005,0.6037360429763794,C,0.007770737167447805,0.006472588516771793,0.0003075317945331335,0.1301012486219406,0.25573405623435974,0.1230318546295166,0.02801380679011345,0.4485681354999542,-102.11962890625,137.4169158935547,0.009165894240140915
>1ay7_A,V,36,0.13027775287628174,22.668329000473022,E,0.022213859483599663,0.5144259333610535,0.4633602499961853,E,0.014508560299873352,0.009907539933919907,0.0005591479130089283,0.13612835109233856,0.36856600642204285,0.09325530380010605,0.053085777908563614,0.3239893615245819,-99.55855560302734,127.84688568115234,0.007037756033241749
>1ay7_A,F,37,0.07718143612146378,18.523544669151306,C,0.04221756383776665,0.38329580426216125,0.5744865536689758,C,0.03939591348171234,0.014792191796004772,0.0007395261782221496,0.08671371638774872,0.2579638957977295,0.12994149327278137,0.14019672572612762,0.33025655150413513,-101.21490478515625,112.69746398925781,0.00572191784158349
>1ay7_A,Q,38,0.3597290813922882,80.93904331326485,C,0.03934754058718681,0.17956136167049408,0.7810911536216736,C,0.03284318745136261,0.011613374575972557,0.0005565004539676011,0.03787602484226227,0.13468141853809357,0.22136643528938293,0.1629239022731781,0.3981391489505768,-109.21453094482422,130.8948974609375,0.005335870664566755
>1ay7_A,N,39,0.23258660733699799,45.35438843071461,C,0.08073309808969498,0.1379980891942978,0.7812687754631042,C,0.06792471557855606,0.020851625129580498,0.000884292006958276,0.058697473257780075,0.07787573337554932,0.23266483843326569,0.12031389027833939,0.4207874536514282,-98.20616912841797,108.40923309326172,0.005816836841404438
>1ay7_A,R,40,0.35016417503356934,95.944983959198,C,0.18180522322654724,0.11261734366416931,0.7055774331092834,C,0.13376198709011078,0.06430728733539581,0.0013527304399758577,0.04637998342514038,0.06644874811172485,0.12908343970775604,0.2345697283744812,0.32409605383872986,-91.57521057128906,32.194374084472656,0.00649366294965148
>1ay7_A,E,41,0.2834884226322174,63.21791824698448,C,0.19340039789676666,0.025418080389499664,0.7811815738677979,T,0.21229785680770874,0.04550305753946304,0.0007035282906144857,0.010680792853236198,0.010343647561967373,0.11321193724870682,0.4933961033821106,0.11386314779520035,-75.9411392211914,26.983455657958984,0.006471716798841953
>1ay7_A,S,42,0.7425755858421326,115.09921580553055,C,0.20336590707302094,0.01408332772552967,0.7825508117675781,T,0.1718931496143341,0.03313621133565903,0.002151662949472666,0.002609841525554657,0.009022390469908714,0.19955211877822876,0.4791557192802429,0.10247893631458282,-10.383771896362305,5.782516002655029,0.009932572953402996
>1ay7_A,V,43,0.282138466835022,49.09209322929382,C,0.12080102413892746,0.04822448641061783,0.8309744596481323,C,0.08184495568275452,0.04861759766936302,0.0010945256799459457,0.029635585844516754,0.027641907334327698,0.33336231112480164,0.13061010837554932,0.3471929430961609,-100.4933090209961,30.779521942138672,0.007274062838405371
>1ay7_A,L,44,0.105879046022892,21.28168825060129,C,0.0043453797698020935,0.03944893926382065,0.9562056660652161,C,0.0019500149646773934,0.0011219024891033769,5.108649202156812e-05,0.02714553102850914,0.015524739399552345,0.33758118748664856,0.008600735105574131,0.6080248355865479,-86.9396743774414,135.1515350341797,0.010059588588774204
>1ay7_A,P,45,0.26273080706596375,41.774198323488235,C,0.003195045981556177,0.012384487316012383,0.9844204783439636,C,0.002087298082187772,0.0005547857726924121,8.873148544807918e-06,0.004161351826041937,0.006615992169827223,0.05688539147377014,0.020104799419641495,0.9095814824104309,-67.3736572265625,155.5069122314453,0.01323077455163002
>1ay7_A,T,46,0.851675271987915,146.4881467819214,C,0.006523202173411846,0.01262698695063591,0.9808498024940491,C,0.00907614454627037,0.0012362228007987142,1.6047564713517204e-05,0.006099202670156956,0.010654543526470661,0.29599204659461975,0.07344517111778259,0.6034806370735168,-85.34675598144531,53.798274993896484,0.02013452537357807
>1ay7_A,Q,47,0.42530807852745056,95.69431766867638,C,0.005913319997489452,0.029809335246682167,0.9642773270606995,S,0.004468696191906929,0.0011573220835998654,1.8012897271546535e-05,0.012136236764490604,0.013890156522393227,0.5968180298805237,0.016169603914022446,0.35534191131591797,-113.07288360595703,144.12144470214844,0.02357153408229351
>1ay7_A,S,48,0.7267565131187439,112.6472595334053,C,0.012701449915766716,0.021141059696674347,0.9661574363708496,C,0.011705460958182812,0.002561006462201476,4.147483195993118e-05,0.0113619863986969,0.01487186923623085,0.1818065196275711,0.07658235728740692,0.7010693550109863,-83.01348876953125,150.8632049560547,0.02213016152381897
>1ay7_A,Y,49,0.7545320391654968,198.44192630052567,C,0.03200501948595047,0.02289045974612236,0.9451045393943787,T,0.03516983240842819,0.004630837123841047,7.013218419160694e-05,0.008766059763729572,0.009765486232936382,0.20970842242240906,0.6361945271492004,0.09569472074508667,-76.68272399902344,107.14820861816406,0.01949496567249298
>1ay7_A,G,50,0.4981840252876282,51.81113862991333,C,0.030997339636087418,0.07126489281654358,0.8977377414703369,T,0.025367267429828644,0.004796296823769808,0.00037367831100709736,0.0033857894595712423,0.06248142197728157,0.20967355370521545,0.536072313785553,0.15784969925880432,92.39429473876953,-2.3628759384155273,0.00881265103816986
>1ay7_A,Y,51,0.3158751428127289,83.0751625597477,E,0.012443911284208298,0.5144208669662476,0.47313523292541504,E,0.008870732970535755,0.0040360139682888985,0.00011549261398613453,0.02412205934524536,0.4793255925178528,0.08089591562747955,0.025771986693143845,0.37686219811439514,-111.05081176757812,144.4230194091797,0.006830750498920679
>1ay7_A,Y,52,0.14001737534999847,36.8245697170496,E,0.003584423800930381,0.8702341318130493,0.12618142366409302,E,0.002102550817653537,0.0016128489514812827,7.199776882771403e-05,0.013294950127601624,0.8535674214363098,0.01464803609997034,0.003921452909708023,0.11078079789876938,-121.88619995117188,141.5582275390625,0.00921324361115694
>1ay7_A,H,53,0.2397792488336563,53.710551738739014,E,0.0029362980276346207,0.9433109760284424,0.053752683103084564,E,0.0010539020877331495,0.0011908116284757853,5.0315618864260614e-05,0.0036332758609205484,0.9397848844528198,0.0051892222836613655,0.001025482197292149,0.04807208478450775,-119.0630111694336,137.12887573242188,0.005924112629145384
>1ay7_A,E,54,0.11581223458051682,25.82612831145525,E,0.003244641702622175,0.9470091462135315,0.04974617809057236,E,0.0015917773125693202,0.0014633244136348367,5.223917469265871e-05,0.0060105654411017895,0.9379220604896545,0.004955012816935778,0.0016636332729831338,0.046341422945261,-113.64425659179688,137.26126098632812,0.0060880850069224834
>1ay7_A,Y,55,0.12271607667207718,32.2743281647563,E,0.00568061089143157,0.8470634818077087,0.14725585281848907,E,0.0037575766909867525,0.0023099188692867756,0.0001361773902317509,0.011772635392844677,0.8324604034423828,0.021851224824786186,0.005618274677544832,0.12209369242191315,-119.99333190917969,140.82247924804688,0.009469142183661461
>1ay7_A,T,56,0.21468988060951233,36.92665946483612,E,0.004657755605876446,0.6940450072288513,0.30129724740982056,E,0.00293729011900723,0.00142327428329736,9.97173337964341e-05,0.018583135679364204,0.6695376634597778,0.05563216283917427,0.009617905132472515,0.24216881394386292,-105.15408325195312,138.29833984375,0.006710213143378496
>1ay7_A,V,57,0.1626589000225067,28.302648603916168,C,0.005207052920013666,0.48673340678215027,0.5080595016479492,E,0.003385822055861354,0.0017179814167320728,8.63714813021943e-05,0.034109849482774734,0.45337480306625366,0.08709271997213364,0.01109151542186737,0.409140944480896,-108.31365966796875,123.14393615722656,0.009582932107150555
>1ay7_A,I,58,0.37355536222457886,73.59040635824203,C,0.005337188486009836,0.24837908148765564,0.7462837100028992,C,0.004456410184502602,0.0014112723292782903,0.00017348502296954393,0.06054602935910225,0.1819915622472763,0.21593359112739563,0.04796541854739189,0.48752230405807495,-80.66150665283203,121.42530059814453,0.01386672630906105
>1ay7_A,T,59,0.20948536694049835,36.03148311376572,C,0.0009291964233852923,0.04110180214047432,0.9579690098762512,C,0.0007950722938403487,0.00022909909603185952,1.750343835738022e-05,0.02962241694331169,0.020235605537891388,0.3433602452278137,0.013483184389770031,0.5922569036483765,-116.62589263916016,143.23211669921875,0.014534268528223038
>1ay7_A,P,60,0.5413744449615479,86.07853674888611,C,0.007277640979737043,0.006014910992234945,0.9867074489593506,T,0.004989806562662125,0.000768688099924475,1.2878977031505201e-05,0.0010673729702830315,0.0011301289778202772,0.05371507257223129,0.9053274989128113,0.03298857435584068,-58.707698822021484,125.29082489013672,0.022457635030150414
>1ay7_A,G,61,0.7930979132652283,82.48218297958374,C,0.004856133367866278,0.0018064107280224562,0.9933375120162964,T,0.0039644064381718636,0.0004485954705160111,2.061503255390562e-05,0.00016533986490685493,0.0007839313475415111,0.045702073723077774,0.9059852361679077,0.04292979836463928,85.0058364868164,1.164007306098938,0.020586226135492325
>1ay7_A,A,62,0.2269047498703003,29.270712733268738,C,0.01236714981496334,0.05422968789935112,0.9334031343460083,C,0.00725925900042057,0.0028153029270470142,3.7463712942553684e-05,0.026341132819652557,0.029863180592656136,0.1445845514535904,0.020786328241229057,0.7683128118515015,-83.33462524414062,144.0867462158203,0.037001095712184906
>1ay7_A,R,63,0.6858149766921997,187.91330361366272,C,0.013989641331136227,0.030791519209742546,0.9552188515663147,C,0.014315439388155937,0.0031306762248277664,5.332463115337305e-05,0.007188873831182718,0.024675924330949783,0.37953048944473267,0.14626289904117584,0.42484232783317566,-85.9011459350586,-5.089688301086426,0.018825624138116837
>1ay7_A,T,64,0.5105767250061035,87.8191967010498,C,0.015994565561413765,0.0989721491932869,0.885033369064331,C,0.016225196421146393,0.003926756326109171,0.0001558455260237679,0.03662829101085663,0.06216827780008316,0.3446570634841919,0.13557970523834229,0.40065884590148926,-115.50021362304688,119.13069152832031,0.014459392055869102
>1ay7_A,R,65,0.30721020698547363,84.17559671401978,C,0.043942373245954514,0.1423742175102234,0.8136833906173706,C,0.033041466027498245,0.020306402817368507,0.0003323926357552409,0.05554284155368805,0.09913285076618195,0.11913619935512543,0.20115113258361816,0.47135666012763977,-89.5867919921875,115.31515502929688,0.01553923450410366
>1ay7_A,G,66,0.418911874294281,43.566834926605225,C,0.08525578677654266,0.154039204120636,0.7607049942016602,C,0.06129007786512375,0.022926367819309235,0.0017756326124072075,0.015968164429068565,0.13725590705871582,0.17421874403953552,0.2840425670146942,0.30252256989479065,85.45411682128906,-163.33900451660156,0.012419585138559341
>1ay7_A,T,67,0.3015166223049164,51.86085903644562,C,0.08742395788431168,0.22811582684516907,0.6844602823257446,C,0.06745054572820663,0.02931101620197296,0.0005539716803468764,0.020321685820817947,0.21372342109680176,0.1340247392654419,0.085935577750206,0.4486790597438812,-86.88249969482422,124.97710418701172,0.007641414646059275
>1ay7_A,R,68,0.1572996824979782,43.10011300444603,C,0.049540020525455475,0.4371674060821533,0.5132925510406494,E,0.033681198954582214,0.018480436876416206,0.0002603407483547926,0.010539819486439228,0.4625369906425476,0.09214502573013306,0.03871447220444679,0.34364163875579834,-98.33979797363281,127.64193725585938,0.0020314811263233423
>1ay7_A,R,69,0.05058888718485832,13.86135508865118,E,0.009201300330460072,0.8668521642684937,0.12394655495882034,E,0.003334765089675784,0.004309401381760836,0.0001094348554033786,0.005170514807105064,0.8764186501502991,0.018708139657974243,0.004398426041007042,0.08755059540271759,-109.76107788085938,138.39419555664062,0.0008288761018775403
>1ay7_A,I,70,0.018349649384617805,3.6148809287697077,E,0.0023880782537162304,0.9804979562759399,0.01711396314203739,E,0.00048024195712059736,0.0015388985630124807,4.43841636297293e-05,0.0021514587569981813,0.9812355041503906,0.0021638015750795603,0.0006579224136658013,0.011727767996490002,-105.97040557861328,125.38704681396484,0.0010645382571965456
>1ay7_A,I,71,0.033405471593141556,6.5808779038488865,E,0.0009483195608481765,0.990365743637085,0.008685961365699768,E,0.0001451605057809502,0.0006920327432453632,3.0103105018497445e-05,0.0012263889657333493,0.9897576570510864,0.000778365065343678,0.0003430017677601427,0.0070272935554385185,-109.08308410644531,127.94102478027344,0.001626661280170083
>1ay7_A,T,72,0.103093720972538,17.732120007276535,E,0.0005871699540875852,0.9579384922981262,0.041474297642707825,E,0.00016935930761974305,0.00038892190787009895,4.64896293124184e-05,0.0042976983822882175,0.9477619528770447,0.004397176206111908,0.0008310265257023275,0.04210732877254486,-126.27401733398438,153.47116088867188,0.0031227311119437218
>1ay7_A,G,73,0.17592671513557434,18.29637837409973,C,0.0046215178444981575,0.35824036598205566,0.6371381282806396,C,0.0031902010086923838,0.0012608611723408103,8.706062362762168e-05,0.008766687475144863,0.3422386944293976,0.06388366967439651,0.011381587944924831,0.5691912174224854,-135.81324768066406,176.92417907714844,0.008427788503468037
>1ay7_A,E,74,0.7006070613861084,156.23537468910217,C,0.12183371186256409,0.016517095267772675,0.8616491556167603,T,0.10485661029815674,0.022207770496606827,0.0003437227278482169,0.0007090187864378095,0.009723572991788387,0.2150750458240509,0.5803675651550293,0.06671673059463501,-62.95494079589844,-28.92852783203125,0.03928300365805626
>1ay7_A,A,75,0.7822915315628052,100.91560757160187,C,0.10327659547328949,0.0038089321460574865,0.8929144740104675,T,0.09427249431610107,0.021947592496871948,0.00015380122931674123,0.0003905484336428344,0.002975881565362215,0.13058705627918243,0.677147388458252,0.0725252628326416,-73.26870727539062,-19.484888076782227,0.03264279663562775
>1ay7_A,T,76,0.5269849300384521,90.64140796661377,C,0.12508665025234222,0.019703011959791183,0.8552103638648987,T,0.11585014313459396,0.02819051221013069,0.0004126659769099206,0.0031103785149753094,0.010766498744487762,0.1881946325302124,0.5254616737365723,0.1280135065317154,-100.54669189453125,1.6956146955490112,0.03051803633570671
>1ay7_A,Q,77,0.6065605878829956,136.476132273674,C,0.014966797083616257,0.042976848781108856,0.94205641746521,C,0.01410504151135683,0.0032957722432911396,0.0001675388921285048,0.0024528964422643185,0.056342240422964096,0.19313128292560577,0.293984979391098,0.4365202486515045,61.69320297241211,33.152584075927734,0.016036517918109894
>1ay7_A,E,78,0.317112535238266,70.71609535813332,C,0.0026145961601287127,0.4645233750343323,0.5328620672225952,C,0.0017178242560476065,0.0008352110744453967,2.1750442101620138e-05,0.01642204262316227,0.45494338870048523,0.0402650348842144,0.0058710770681500435,0.4799236059188843,-104.4584732055664,143.5783233642578,0.010794139467179775
>1ay7_A,D,79,0.20342256128787994,39.26055432856083,E,0.0016570149455219507,0.8596985340118408,0.13864442706108093,E,0.0010087996488437057,0.0005645484197884798,3.77522264898289e-05,0.011369584128260612,0.842157781124115,0.010836762376129627,0.001475643366575241,0.13254903256893158,-113.71595001220703,142.5571746826172,0.012861009687185287
>1ay7_A,Y,80,0.09442692995071411,24.83428257703781,E,0.0006541609764099121,0.9714917540550232,0.02785412408411503,E,0.0004134330665692687,0.00026270095258951187,1.7531603589304723e-05,0.0030953797977417707,0.9689294099807739,0.0018173620337620378,0.0005110080819576979,0.024953175336122513,-122.25515747070312,145.08726501464844,0.004854283761233091
>1ay7_A,Y,81,0.13033413887023926,34.277878522872925,E,0.00021186638332437724,0.9902856945991516,0.009502490051090717,E,0.00015909534704405814,0.00014125600864645094,1.8346156139159575e-05,0.010191910900175571,0.9779752492904663,0.0009497105493210256,0.0002899576793424785,0.010274472646415234,-125.53529357910156,143.3366241455078,0.004470807500183582
>1ay7_A,T,82,0.04898137226700783,8.424796029925346,E,9.639660856919363e-05,0.9347555041313171,0.06514805555343628,E,6.438737182179466e-05,4.853951759287156e-05,6.91535342411953e-06,0.02005213312804699,0.906853199005127,0.0037745460867881775,0.0003213554446119815,0.06887878477573395,-130.69593811035156,156.88941955566406,0.0024536149576306343
>1ay7_A,G,83,0.4839354157447815,50.329283237457275,C,0.014145536348223686,0.09049058705568314,0.8953638076782227,S,0.005965504329651594,0.003844449995085597,0.00012940487067680806,0.001978888176381588,0.04401193559169769,0.5869747996330261,0.2950056791305542,0.062089286744594574,-66.15332794189453,-23.681222915649414,0.003828171407803893
>1ay7_A,D,84,0.3215884268283844,62.06656637787819,C,0.017329158261418343,0.03370072692632675,0.9489701986312866,T,0.015239094384014606,0.01222494337707758,0.0004981407546438277,0.03337882086634636,0.023115655407309532,0.31632164120674133,0.3325256407260895,0.2666960060596466,-103.83786010742188,42.36509704589844,0.0045839948579669
>1ay7_A,H,85,0.12294658273458481,27.540034532546997,C,0.4034876227378845,0.012026587501168251,0.5844857692718506,G,0.2926981449127197,0.12759217619895935,0.003515658201649785,0.005901580676436424,0.0069967275485396385,0.1689029484987259,0.21742725372314453,0.17696556448936462,-25.871627807617188,-17.350954055786133,0.01358108315616846
>1ay7_A,Y,86,0.26376578211784363,69.37040069699287,H,0.5426633358001709,0.005589359439909458,0.4517472982406616,G,0.4551888406276703,0.12929767370224,0.001515497686341405,0.002013051649555564,0.002218159381300211,0.042720500379800797,0.3185504078865051,0.04849587008357048,-64.04060363769531,-31.054079055786133,0.013718743808567524
>1ay7_A,A,87,0.6208639144897461,80.09144496917725,H,0.5319738388061523,0.003567340085282922,0.4644588232040405,G,0.4213988780975342,0.1025901511311531,0.0012809186009690166,0.000504911644384265,0.0013639443786814809,0.056879546493291855,0.38634195923805237,0.029639743268489838,-74.78527069091797,-25.507736206054688,0.012374690733850002
>1ay7_A,T,88,0.32357802987098694,55.65542113780975,C,0.2622908353805542,0.019576827064156532,0.7181323170661926,T,0.21245506405830383,0.05903523415327072,0.0020680169109255075,0.002253719372674823,0.006649192422628403,0.12201432138681412,0.5292068719863892,0.06631753593683243,-110.58671569824219,-8.899771690368652,0.010470680892467499
>1ay7_A,F,89,0.07878156006336212,18.90757441520691,C,0.016080528497695923,0.32071855664253235,0.6632009148597717,C,0.005589025095105171,0.008142928592860699,0.000673343543894589,0.02506815828382969,0.23714125156402588,0.15199770033359528,0.02970394864678383,0.5416836142539978,-111.83866119384766,133.43399047851562,0.015024736523628235
>1ay7_A,S,90,0.45026442408561707,69.79098573327065,E,0.004660028498619795,0.6996899843215942,0.2956499755382538,E,0.0014996244572103024,0.0022652011830359697,0.00023961679835338145,0.030675724148750305,0.6164488792419434,0.02483978495001793,0.0028114875312894583,0.32121968269348145,-118.0696792602539,144.54896545410156,0.02335953526198864
>1ay7_A,L,91,0.47545239329338074,95.56593105196953,E,0.0020509776659309864,0.9156366586685181,0.08231237530708313,E,0.0009406692115589976,0.0009918258292600513,4.344465196481906e-05,0.0708189532160759,0.8167904019355774,0.0027408236637711525,0.0015810105251148343,0.1060929223895073,-75.71582794189453,133.32615661621094,0.022061223164200783
>1ay7_A,I,92,0.19562113285064697,38.537363171577454,C,0.03863196074962616,0.3258416950702667,0.6355262994766235,C,0.018912136554718018,0.01161998137831688,0.0002486227604094893,0.017411381006240845,0.27045559883117676,0.02822563238441944,0.019545404240489006,0.6335813403129578,-92.4374008178711,88.51573181152344,0.08815447241067886
>1ay7_A,D,93,0.6647875308990479,128.30399346351624,C,0.03981398046016693,0.1927914172410965,0.7673945426940918,C,0.025904949754476547,0.015055723488330841,0.0006220596842467785,0.01607382483780384,0.17549744248390198,0.07590560615062714,0.05009983852505684,0.6408406496047974,-96.04463958740234,125.6861343383789,0.2140253335237503
>1ay7_A,Q,94,0.6677364706993103,150.24070590734482,C,0.04671904817223549,0.10387306660413742,0.8494079113006592,C,0.031002696603536606,0.016749756410717964,0.0005236894940026104,0.011538190767168999,0.09606628119945526,0.06367283314466476,0.054170820862054825,0.7262757420539856,-98.60967254638672,126.39897155761719,0.32486775517463684
>1ay7_A,T,95,0.5963459610939026,102.57150530815125,C,0.011116045527160168,0.04120586812496185,0.9476781487464905,C,0.0057225096970796585,0.004015411250293255,9.236695768777281e-05,0.005258220713585615,0.030445998534560204,0.024915019050240517,0.024562016129493713,0.9049884080886841,-102.38756561279297,119.93450927734375,0.460627943277359
>1ay7_A,C,96,0.8165842294692993,136.369566321373,C,0.0009143715142272413,0.0014952172059565783,0.9975904226303101,C,0.00040561179048381746,0.0003800479171331972,6.390069302142365e-06,0.00019273118232376873,0.001502733095549047,0.02337871864438057,0.009595518000423908,0.9645383358001709,-97.35270690917969,87.05036163330078,0.4887675940990448
